plid	 layoutId	 parentLayoutId	 name	 priority	__auto_generated_depth_col__
7828291	159	154	No	3	5
7828296	160	154	Gubergren	4	5
7828316	161	154	Takimata	5	5
7985780	190	145	Sadipscing	1	4
7993917	193	190	Magna	0	5
8239342	223	190	Aliquyam	1	5
8254163	224	190	Erat	2	5
8330268	233	190	Labore	3	5
8411888	250	190	Sed	4	5
8533849	256	190	Et	5	5
8684201	263	190	At	6	5
8255744	225	190	Eirmod	7	5
8330287	234	190	Elitr	8	5
8377284	247	190	Nonumy	9	5
8484232	253	190	Sed	10	5
8614118	261	190	Diam	11	5
8255950	226	190	Eos	12	5
8311452	227	190	Voluptua	13	5
8377220	246	190	Et	14	5
8480604	252	190	Invidunt	15	5
8557749	258	190	Ut	16	5
8738455	264	190	Tempor	17	5
8567038	259	190	Diam	18	5
8610774	260	190	Vero	19	5
9019437	272	190	Dolore	20	5
7828271	155	145	Accusam	2	4
7828336	162	155	Et	0	5
7828341	163	155	Dolores	1	5
7828346	164	155	Ea	2	5
7828351	165	155	Justo	3	5
7828361	167	155	Et	4	5
7828366	168	155	Rebum	5	5
7828371	169	155	Duo	6	5
7828376	170	155	Stet	7	5
7897931	179	139	Ipsum	1	2
7878086	177	179	Dolor	1	3
7909817	180	177	Sit	0	4
7910471	181	177	Amet	1	4
8173708	214	181	Lorem	0	5
7914472	182	179	Dolor	2	3
8218237	219	139	Ipsum	2	2
7647526	142	139	Sit	3	2
7470032	113	1	Sed	3	1
6817489	64	113	Diam	0	2
6817736	67	64	Nonumy	0	3
8220364	221	64	Eirmod	1	3
6772139	34	113	Gubergren	1	2
6879310	70	34	No	0	3
7991934	198	34	Sea	1	3
7453246	104	113	At	2	2